{
    "train": {
        "loss": 0.20887057612771573,
        "balanced_accuracy": 0.9059659090909091,
        "precision": 0.9496544916090819,
        "recall": 0.8409090909090909,
        "f1": 0.8919796012980992
    },
    "test": {
        "loss": 0.23177440774937472,
        "balanced_accuracy": 0.8965008482548463,
        "precision": 0.9206349206349206,
        "recall": 0.8375451263537906,
        "f1": 0.8771266540642723
    },
    "epoch": 18
}