{
    "train": {
        "loss": 0.2139182294840398,
        "balanced_accuracy": 0.9079326923076922,
        "precision": 0.9410058027079303,
        "recall": 0.8505244755244755,
        "f1": 0.8934802571166207
    },
    "test": {
        "loss": 0.23085137767096361,
        "balanced_accuracy": 0.9059482363535494,
        "precision": 0.9291338582677166,
        "recall": 0.851985559566787,
        "f1": 0.8888888888888888
    },
    "epoch": 17
}