{
    "train_loss": [
        0.3587334162515143,
        0.28610176512080693,
        0.2764337103327979,
        0.2602713674954746,
        0.26681003168873163,
        0.25483791384360066,
        0.2480397457661836,
        0.24668721012447192,
        0.2459684571494227,
        0.2538064575713614,
        0.24427152846170508,
        0.24755459667547888,
        0.2540320852852386,
        0.24636401754358542,
        0.25504190005038097,
        0.2443055218976477,
        0.2378031728060349,
        0.23616281961617264,
        0.2356265449653501
    ],
    "train_acc": [
        0.8499344405594406,
        0.8875218531468532,
        0.8883085664335664,
        0.8928321678321678,
        0.8827141608391609,
        0.8871503496503497,
        0.892263986013986,
        0.8970935314685314,
        0.892701048951049,
        0.8920017482517483,
        0.8960227272727272,
        0.89881993006993,
        0.885576923076923,
        0.8982736013986015,
        0.8864291958041959,
        0.8965253496503496,
        0.8968531468531469,
        0.8953234265734266,
        0.8939466783216783
    ],
    "test_acc": [
        0.8897831522918962,
        0.8765286677976731,
        0.8622410008603154,
        0.8909329195243341,
        0.887897694837304,
        0.8934294420814808,
        0.8942736767626414,
        0.8971923166603684,
        0.8977310187902519,
        0.8940043256976997,
        0.8891640468590449,
        0.8883198121778842,
        0.8905469836700892,
        0.8953872625087439,
        0.8911660891029403,
        0.8783337219492977,
        0.8909691010106695,
        0.8966536145304849,
        0.8966536145304849
    ],
    "best_acc": 0.8977310187902519
}