{
    "TabR": {
        "best_accuracy": 0.9095583446567985,
        "final_train_accuracy": 0.914597902097902,
        "final_test_accuracy": 0.907753290505174,
        "training_history": {
            "train_loss": [
                0.7756766787041789,
                0.42568461208239844,
                0.360577580721482,
                0.33562640651412634,
                0.30705150281605514,
                0.2872490005000778,
                0.2895711592358092,
                0.2826899432617685,
                0.2776195186635722,
                0.2613671198487282,
                0.2650681406907413,
                0.2612321992283282,
                0.25465095836831175,
                0.255646366302086,
                0.2550604868194331,
                0.2585640345578608,
                0.24872988073722177,
                0.24886268328713335,
                0.24716084531467894,
                0.2507138540563376,
                0.24344787341745003,
                0.23854002064984778,
                0.2411897694287093,
                0.24415524482079173,
                0.23793880900611047,
                0.23731143173316252,
                0.23532229937289073,
                0.24130761072687482,
                0.23674217125643854,
                0.23431101408989533,
                0.23602826326437618,
                0.23521630644150401,
                0.23267165846798732,
                0.23657577533436858,
                0.24058697567037915,
                0.235736225610194,
                0.23477663585673209,
                0.22944809334433597,
                0.2331791120054929,
                0.231973207515219,
                0.23213898066593253
            ],
            "train_acc": [
                0.6947333916083915,
                0.885118006993007,
                0.8887893356643357,
                0.89493006993007,
                0.9000874125874125,
                0.9067089160839161,
                0.8986013986013985,
                0.9050699300699301,
                0.8976398601398601,
                0.9092875874125874,
                0.903277972027972,
                0.910270979020979,
                0.9076923076923078,
                0.9105113636363636,
                0.909812062937063,
                0.9026442307692308,
                0.904763986013986,
                0.91055506993007,
                0.9085882867132867,
                0.9109047202797202,
                0.9111232517482517,
                0.9150131118881119,
                0.9080201048951049,
                0.9116914335664336,
                0.9125218531468532,
                0.9118006993006993,
                0.9150131118881119,
                0.907888986013986,
                0.9169143356643357,
                0.914138986013986,
                0.9123907342657342,
                0.9132648601398601,
                0.9163024475524475,
                0.9065559440559441,
                0.9121066433566434,
                0.9135489510489511,
                0.9125000000000001,
                0.9170891608391608,
                0.9145541958041958,
                0.911298076923077,
                0.914597902097902
            ],
            "test_acc": [
                0.8842875865340548,
                0.8934656235678162,
                0.9027240639045453,
                0.8946957941032218,
                0.8992667218769347,
                0.8963842634655432,
                0.8975782525146133,
                0.8952706777194407,
                0.9010717760285591,
                0.9021853617746617,
                0.9027602453908806,
                0.8988807860226897,
                0.8998416054931537,
                0.9005330738986758,
                0.9062175874184912,
                0.8977310187902519,
                0.9026074791152421,
                0.9056788852886077,
                0.9016466596447782,
                0.8948485603788604,
                0.9037210648613445,
                0.9056788852886077,
                0.9062175874184912,
                0.9063703536941297,
                0.907753290505174,
                0.9081754078457542,
                0.9052567679480272,
                0.9055261190129691,
                0.9063703536941297,
                0.9045652995425052,
                0.9095583446567985,
                0.9073311731645937,
                0.8980365513415292,
                0.9084447589106961,
                0.9044125332668667,
                0.9084447589106961,
                0.9028768301801837,
                0.9070618220996518,
                0.9084447589106961,
                0.9084447589106961,
                0.907753290505174
            ]
        }
    },
    "FTTransformer": {
        "best_accuracy": 0.9021853617746617,
        "final_train_accuracy": 0.9100087412587412,
        "final_test_accuracy": 0.8872062264317818,
        "training_history": {
            "train_loss": [
                0.32012830869011255,
                0.2668105823838193,
                0.2623086361133534,
                0.2501309206304343,
                0.2495182409234669,
                0.2568245969064858,
                0.24382621049880981,
                0.23926849711848341,
                0.23565915680449942,
                0.2280508380221284,
                0.22849451653335406,
                0.228332022609918,
                0.2292126002519027,
                0.2272681248900683,
                0.22822961826687274,
                0.22692224707292474,
                0.2275528710173524,
                0.22333730174147565,
                0.2223963445943335,
                0.2330771076452473,
                0.21506360173225403,
                0.21768078645286354,
                0.20911041274666786,
                0.2142467693142269
            ],
            "train_acc": [
                0.8654938811188811,
                0.8838286713286714,
                0.8865603146853147,
                0.8921328671328672,
                0.8911931818181819,
                0.8869755244755244,
                0.8929414335664336,
                0.8962631118881119,
                0.8984702797202797,
                0.8964816433566434,
                0.9008522727272728,
                0.894493006993007,
                0.9026442307692308,
                0.9022508741258741,
                0.9013986013986014,
                0.8986669580419581,
                0.8945585664335665,
                0.9033216783216784,
                0.9016826923076924,
                0.898361013986014,
                0.9062718531468532,
                0.9067963286713288,
                0.9085227272727273,
                0.9100087412587412
            ],
            "test_acc": [
                0.8845207561126611,
                0.8743014963054683,
                0.8777588383330788,
                0.8830212345123137,
                0.869308451191175,
                0.8518327932911485,
                0.8822131813174885,
                0.8869368753668401,
                0.8783337219492977,
                0.8794473076954001,
                0.8933128572921776,
                0.8837488844041713,
                0.89442644303828,
                0.9021853617746617,
                0.8694612174668135,
                0.8831740007879523,
                0.8842875865340548,
                0.8963480819792077,
                0.8755678483272094,
                0.8891278653727095,
                0.8894333979239868,
                0.891507803140553,
                0.8920465052704365,
                0.8872062264317818
            ]
        }
    },
    "SAINT": {
        "best_accuracy": 0.8984586686821094,
        "final_train_accuracy": 0.9067963286713288,
        "final_test_accuracy": 0.8940043256976997,