{
    "train": {
        "loss": 0.22511818972618683,
        "balanced_accuracy": 0.9084571678321678,
        "precision": 0.9666329625884732,
        "recall": 0.8356643356643356,
        "f1": 0.896390060947023
    },
    "test": {
        "loss": 0.24246080281833807,
        "balanced_accuracy": 0.8977672002765873,
        "precision": 0.9423868312757202,
        "recall": 0.8267148014440433,
        "f1": 0.8807692307692307
    },
    "epoch": 15
}