{
    "train": {
        "loss": 0.2338238777997701,
        "balanced_accuracy": 0.9048295454545454,
        "precision": 0.9285714285714286,
        "recall": 0.8522727272727273,
        "f1": 0.8887876025524157
    },
    "test": {
        "loss": 0.24972807926436266,
        "balanced_accuracy": 0.8931600910165389,
        "precision": 0.9098039215686274,
        "recall": 0.8375451263537906,
        "f1": 0.8721804511278195
    },
    "epoch": 3
}