{
    "train": {
        "loss": 0.20141096396938615,
        "balanced_accuracy": 0.9102928321678322,
        "precision": 0.9555774925962488,
        "recall": 0.8461538461538461,
        "f1": 0.8975428836346778
    },
    "test": {
        "loss": 0.2281140157332023,
        "balanced_accuracy": 0.9012245423041978,
        "precision": 0.924901185770751,
        "recall": 0.8447653429602888,
        "f1": 0.8830188679245283
    },
    "epoch": 26
}