{
    "train": {
        "loss": 0.1618127243836289,
        "balanced_accuracy": 0.9303758741258741,
        "precision": 0.9784524975514202,
        "recall": 0.8732517482517482,
        "f1": 0.9228637413394919
    },
    "test": {
        "loss": 0.2702787968640526,
        "balanced_accuracy": 0.8976144340009488,
        "precision": 0.9243027888446215,
        "recall": 0.8375451263537906,
        "f1": 0.8787878787878788
    },
    "epoch": 50
}