,train_accuracy,test_accuracy,sensitivity,specificity,precision,f1_score
logistic_regression,88.09222027972028,88.72062264317819,81.2274368231047,96.21380846325167,92.97520661157024,86.70520231213872
decision_tree,98.96634615384615,87.74171242954661,84.83754512635379,90.64587973273942,84.83754512635379,84.83754512635379
gradient_boosting,91.92089160839161,90.52567679480272,84.83754512635379,96.21380846325167,93.25396825396825,88.84688090737241
bagging,88.65384615384615,86.82752687480402,81.2274368231047,92.42761692650335,86.87258687258688,83.955223880597
xgboost,91.45541958041959,89.94194881525732,84.11552346570397,95.7683741648107,92.46031746031747,88.09073724007561
