{
    "train": {
        "loss": 0.47504636774892395,
        "balanced_accuracy": 0.8972465034965036,
        "precision": 0.9647668393782384,
        "recall": 0.8138111888111889,
        "f1": 0.8828828828828829
    },
    "test": {
        "loss": 0.5111252019802729,
        "balanced_accuracy": 0.8927741551622941,
        "precision": 0.9493670886075949,
        "recall": 0.8122743682310469,
        "f1": 0.8754863813229572
    },
    "epoch": 22
}